[
    {
        "id":1,
        "name": "Anime Artwork",
        "price":40,
        "infoheader":"Great choice!",
        "info":"If you love anime then this artwork type would be the perfect choice for you! After choosing this type of artwork i will send you an email with types to fill such as: Anime character, Name to be displayed",
        "image":"https://media.giphy.com/media/1dRwsVHLclqOT4PLr0/giphy.gif"
    },
    {
        "id":2,
        "name": "Character Artwork",
        "price":40,
        "infoheader":"Great choice!",
        "info":"If you love a specific character then this artwork type would be the perfect choice for you! After choosing this type of artwork i will send you an email with types to fill such as: Character, Name to be displayed",
        "image":"https://media.giphy.com/media/pI4p354261Ce69kNdn/giphy.gif"
    },
    {
        "id":3,
        "name": "Simple Artwork",
        "price":30,
        "infoheader":"Great choice!",
        "info":"If you like your profile as clean as possible then this artwork type would be the perfect choice for you! After choosing this type of artwork i will send you an email with types to fill such as: Background theme, Name to be displayed",
        "image":"https://media.giphy.com/media/903XBRHYaQV6sSNijT/giphy.gif"
    },
    {
        "id":4,
        "name": "Simple Logo",
        "price":15,
        "infoheader":"Great choice!",
        "info":"If you like your logo as clean as possible then this logo type would be the best choice for you! After choosing this type of logo i will send you an email with types to fill such as: Theme, Name to be displayed",
        "image":"https://i.gyazo.com/86923ab1ca4ec1efd7c64f0091f9f2d3.png"
    },
    {
        "id":5,
        "name": "Lowpoly Logo",
        "price":35,
        "infoheader":"Great choice!",
        "info":"If you like your logo as special as possible then this logo type would be the best choice for you! After choosing this type of logo i will send you an email with types to fill such as: Theme, Character to be displayed, Name to be displayed",
        "image":"https://i.gyazo.com/3c5f994ef6c3428ddd0e74db1b3d48d0.png"
    },
    {
        "id":6,
        "name": "Vector Logo",
        "price":60,
        "infoheader":"Great choice!",
        "info":"If you would like me to draw and create your logo then this logo type would be the best choice for you! After choosing this type of logo i will send you an email with types to fill such as: Theme, Character to be displayed, Name to be displayed",
        "image":"https://i.gyazo.com/71e84bc97a609f96898e7e9f137e9ede.png"
    },
    {
        "id":7,
        "name": "Simple Workshop",
        "price":25,
        "infoheader":"Great choice!",
        "info":"If you like your profile as clean as possible then this workshop type would be the perfect choice for you! After choosing this type of workshop i will send you an email with types to fill such as: Background theme, Name to be displayed",
        "image":"https://media.giphy.com/media/H4oLh175JVHxRa8xZr/giphy.gif"
    },
    {
        "id":8,
        "name": "Anime Workshop (Long)",
        "price":40,
        "infoheader":"Great choice!",
        "info":"If you love anime then this workshop type would be the perfect choice for you! After choosing this type of workshop i will send you an email with types to fill such as: Anime character, Name to be displayed",
        "image":"https://media.giphy.com/media/71DAr3YDoxegmXpJXe/giphy.gif"
    },
    {
        "id":9,
        "name": "Character Workshop (Long)",
        "price":30,
        "infoheader":"Great choice!",
        "info":"If you love a specific character then this workshop type would be the perfect choice for you! After choosing this type of workshop i will send you an email with types to fill such as: Character, Name to be displayed",
        "image":"https://media.giphy.com/media/0VwerhYzXChrE98NvW/giphy.gif"
    }
]